{"cameraMode":{"drawMode":0,"name":"Shaded","section":"Shading Mode"},"sceneLighting":true,"audioPlay":false,"sceneViewState":{"m_AlwaysRefresh":false,"showFog":true,"showSkybox":true,"showFlares":true,"showImageEffects":true,"showParticleSystems":true,"showVisualEffectGraphs":true,"m_FxEnabled":true},"in2DMode":false,"pivot":{"x":7.717933654785156,"y":3.979247808456421,"z":-2.2189321517944338},"rotation":{"x":0.0017959516262635589,"y":-0.9994024634361267,"z":-0.04621078446507454,"w":0.007000913377851248},"size":10.793283462524414,"orthographic":false}